covariate,super_topic,spearman_rho,p_value,n_states,fdr_q_value,significant_fdr,ci_low,ci_high,ci_sig,abs_rho
income,Creative Writing & Roleplay,-0.3498069498069499,0.03649631651044082,36,0.36496316510440824,False,-0.5898391248391248,-0.027142857142857274,True,0.3498069498069499
education,Education & Homework,-0.3189599717502557,0.057949552756903576,36,0.47187559291348824,False,-0.58492277992278,0.016480051480051477,False,0.3189599717502557
income,Career & Professional Writing,0.2851994851994852,0.09179081021185874,36,0.4589540510592937,False,-0.004118404118404119,0.5516473616473617,False,0.2851994851994852
education,Career & Professional Writing,0.28304801367183713,0.09437511858269765,36,0.47187559291348824,False,-0.025746460746460746,0.5771106821106821,False,0.28304801367183713
education,Creative Writing & Roleplay,-0.20826361351570372,0.22288161447868832,36,0.7309271960211219,False,-0.49321106821106825,0.13488416988416987,False,0.20826361351570372
income,"Media, Art, and Entertainment",0.19819819819819823,0.2465538657816115,36,0.6167542637433836,False,-0.11496782496782497,0.49296653796653794,False,0.19819819819819823
