covariate,topic,topic_id,topic_label,super_topic,label_confidence,unsure_flag,spearman_rho,p_value,fdr_q_value,n_states,nonzero_states,max_topic_prop,rho_ci95_low,rho_ci95_high
education,topic_63,63,SCP Creative Writing,Creative Writing & Roleplay,High,0,0.5328603693040082,0.0008203563370503137,0.046365477345952685,36,10,0.0378181818181818,0.26206070430467954,0.7242780232565112
education,topic_64,64,Image Generation Requests,"Media, Art, and Entertainment",High,0,-0.5177551087670571,0.0012201441406829653,0.046365477345952685,36,31,0.075,-0.7680680627211792,-0.17909715665896392
income,topic_51,51,AI Art Prompting,"Media, Art, and Entertainment",High,0,0.5711804444442046,0.000274501467071973,0.02086211149746995,36,15,0.0323741007194244,0.30665940445042394,0.7739862419108239
income,topic_60,60,AI Art Prompting,"Media, Art, and Entertainment",High,0,0.5171872110979268,0.0012380526242160858,0.032327702144109384,36,14,0.0327868852459016,0.22806126206364213,0.7414181057088179
income,topic_63,63,SCP Creative Writing,Creative Writing & Roleplay,High,0,0.516004525390542,0.0012760935056885284,0.032327702144109384,36,10,0.0378181818181818,0.26146340076201413,0.7084786161037545
