covariate,topic,spearman_rho,p_value,n_states,fdr_q_value,significant_fdr,topic_id,topic_label,super_topic,unsure_flag,nonzero_states,max_topic_prop,rho_ci95_low,rho_ci95_high
education,topic_63,0.5328603693040082,0.0008203563370503,36,0.0463654773459526,True,63,SCP Creative Writing,Creative Writing & Roleplay,0,10,0.0378181818181818,0.2620607043046795,0.7242780232565112
education,topic_64,-0.5177551087670571,0.0012201441406829,36,0.0463654773459526,True,64,Image Generation Requests,"Media, Art, and Entertainment",0,31,0.075,-0.7680680627211792,-0.1790971566589639
income,topic_51,0.5711804444442046,0.0002745014670719,36,0.0208621114974699,True,51,AI Art Prompting,"Media, Art, and Entertainment",0,15,0.0323741007194244,0.3066594044504239,0.7739862419108239
income,topic_60,0.5171872110979268,0.001238052624216,36,0.0323277021441093,True,60,AI Art Prompting,"Media, Art, and Entertainment",0,14,0.0327868852459016,0.2280612620636421,0.7414181057088179
income,topic_63,0.516004525390542,0.0012760935056885,36,0.0323277021441093,True,63,SCP Creative Writing,Creative Writing & Roleplay,0,10,0.0378181818181818,0.2614634007620141,0.7084786161037545
